<PAMDataset>
  <Metadata domain="xml:XMP" format="xml">
    <?xpacket begin="&#xFEFF;" id="W5M0MpCehiHzreSzNTczkc9d"?>
    <x:xmpmeta xmlns:x="adobe:ns:meta/" x:xmptk="Adobe XMP Core 5.5-c021 79.155772, 2014/01/13-19:44:00        ">
      <rdf:RDF xmlns:rdf="http://www.w3.org/1999/02/22-rdf-syntax-ns#">
        <rdf:Description rdf:about="" xmlns:xmp="http://ns.adobe.com/xap/1.0/" xmlns:dc="http://purl.org/dc/elements/1.1/" xmlns:photoshop="http://ns.adobe.com/photoshop/1.0/" xmlns:xmpRights="http://ns.adobe.com/xap/1.0/rights/" xmlns:xmpMM="http://ns.adobe.com/xap/1.0/mm/" xmlns:stEvt="http://ns.adobe.com/xap/1.0/sType/ResourceEvent#">
          <xmp:CreatorTool>Adobe Photoshop CS5 Macintosh</xmp:CreatorTool>
          <xmp:ModifyDate>2014-10-18T11:27:19-04:00</xmp:ModifyDate>
          <xmp:CreateDate>2010-12-17T01:48:30-05:00</xmp:CreateDate>
          <xmp:MetadataDate>2014-10-18T11:27:19-04:00</xmp:MetadataDate>
          <dc:format>image/tiff</dc:format>
          <photoshop:ColorMode>1</photoshop:ColorMode>
          <photoshop:DocumentAncestors>
            <rdf:Bag>
              <rdf:li>uuid:D41B0AE39601DE118212F0B00F65ED0F</rdf:li>
              <rdf:li>xmp.did:01801174072068118C14990B3517D61A</rdf:li>
              <rdf:li>xmp.did:F77F117407206811822AB659D99D640B</rdf:li>
            </rdf:Bag>
          </photoshop:DocumentAncestors>
          <xmpRights:Marked>False</xmpRights:Marked>
          <xmpMM:InstanceID>xmp.iid:c45353e2-0e29-4084-84f9-09913790bd50</xmpMM:InstanceID>
          <xmpMM:DocumentID>xmp.did:D7133E4B12206811A613E1C620DEFAD3</xmpMM:DocumentID>
          <xmpMM:OriginalDocumentID>xmp.did:D7133E4B12206811A613E1C620DEFAD3</xmpMM:OriginalDocumentID>
          <xmpMM:History>
            <rdf:Seq>
              <rdf:li rdf:parseType="Resource">
                <stEvt:action>created</stEvt:action>
                <stEvt:instanceID>xmp.iid:D7133E4B12206811A613E1C620DEFAD3</stEvt:instanceID>
                <stEvt:when>2010-12-17T01:48:30-05:00</stEvt:when>
                <stEvt:softwareAgent>Adobe Photoshop CS5 Macintosh</stEvt:softwareAgent>
              </rdf:li>
              <rdf:li rdf:parseType="Resource">
                <stEvt:action>saved</stEvt:action>
                <stEvt:instanceID>xmp.iid:D8133E4B12206811A613E1C620DEFAD3</stEvt:instanceID>
                <stEvt:when>2012-07-16T10:03:45-04:00</stEvt:when>
                <stEvt:softwareAgent>Adobe Photoshop CS5 Macintosh</stEvt:softwareAgent>
                <stEvt:changed>/</stEvt:changed>
              </rdf:li>
              <rdf:li rdf:parseType="Resource">
                <stEvt:action>saved</stEvt:action>
                <stEvt:instanceID>xmp.iid:c45353e2-0e29-4084-84f9-09913790bd50</stEvt:instanceID>
                <stEvt:when>2014-10-18T11:27:19-04:00</stEvt:when>
                <stEvt:softwareAgent>Adobe Photoshop CC 2014 (Macintosh)</stEvt:softwareAgent>
                <stEvt:changed>/</stEvt:changed>
              </rdf:li>
            </rdf:Seq>
          </xmpMM:History>
        </rdf:Description>
      </rdf:RDF>
    </x:xmpmeta>
    <?xpacket end="w"?>
  </Metadata>
  <PAMRasterBand band="1">
    <Metadata>
      <MDI key="STATISTICS_APPROXIMATE">YES</MDI>
      <MDI key="STATISTICS_MAXIMUM">254</MDI>
      <MDI key="STATISTICS_MEAN">204.61306525573</MDI>
      <MDI key="STATISTICS_MINIMUM">45</MDI>
      <MDI key="STATISTICS_STDDEV">11.672969885514</MDI>
      <MDI key="STATISTICS_VALID_PERCENT">100</MDI>
    </Metadata>
  </PAMRasterBand>
</PAMDataset>
